article;position;title;description;url;image;text
accesorios_indispensables_para_hacer_senderismo_de_forma_segura_en_invierno.md;replace;Producto recomendado: accesorios indispensables;Sustituye este bloque por tu enlace de Amazon cuando tengas una opcion clara para recomendar.;;;Ver en Amazon
accesorios_indispensables_para_hacer_senderismo_de_forma_segura_en_invierno.md;replace;Opcion equilibrada de accesorios indispensables;Coloca aqui una alternativa con buena relacion calidad-precio y valoraciones consistentes.;;;Ver en Amazon
accesorios_indispensables_para_hacer_senderismo_de_forma_segura_en_invierno.md;replace;Alternativa mas completa de accesorios indispensables;Usa este espacio para un modelo superior si quieres ofrecer una opcion de mayor presupuesto.;;;Ver en Amazon
accesorios_indispensables_para_llevar_tus_prismaticos_de_forma_comoda.md;replace;Producto recomendado: accesorios indispensables;Sustituye este bloque por tu enlace de Amazon cuando tengas una opcion clara para recomendar.;;;Ver en Amazon
accesorios_indispensables_para_llevar_tus_prismaticos_de_forma_comoda.md;replace;Opcion equilibrada de accesorios indispensables;Coloca aqui una alternativa con buena relacion calidad-precio y valoraciones consistentes.;;;Ver en Amazon
accesorios_indispensables_para_llevar_tus_prismaticos_de_forma_comoda.md;replace;Alternativa mas completa de accesorios indispensables;Usa este espacio para un modelo superior si quieres ofrecer una opcion de mayor presupuesto.;;;Ver en Amazon
accesorios_indispensables_para_mantener_tus_sartenes_de_hierro_como_nuevas.md;replace;Producto recomendado: accesorios indispensables;Sustituye este bloque por tu enlace de Amazon cuando tengas una opcion clara para recomendar.;;;Ver en Amazon
accesorios_indispensables_para_mantener_tus_sartenes_de_hierro_como_nuevas.md;replace;Opcion equilibrada de accesorios indispensables;Coloca aqui una alternativa con buena relacion calidad-precio y valoraciones consistentes.;;;Ver en Amazon
accesorios_indispensables_para_mantener_tus_sartenes_de_hierro_como_nuevas.md;replace;Alternativa mas completa de accesorios indispensables;Usa este espacio para un modelo superior si quieres ofrecer una opcion de mayor presupuesto.;;;Ver en Amazon
accesorios_indispensables_para_practicar_yoga_en_casa_de_forma_segura.md;replace;Producto recomendado: accesorios indispensables;Sustituye este bloque por tu enlace de Amazon cuando tengas una opcion clara para recomendar.;;;Ver en Amazon
accesorios_indispensables_para_practicar_yoga_en_casa_de_forma_segura.md;replace;Opcion equilibrada de accesorios indispensables;Coloca aqui una alternativa con buena relacion calidad-precio y valoraciones consistentes.;;;Ver en Amazon
accesorios_indispensables_para_practicar_yoga_en_casa_de_forma_segura.md;replace;Alternativa mas completa de accesorios indispensables;Usa este espacio para un modelo superior si quieres ofrecer una opcion de mayor presupuesto.;;;Ver en Amazon
accesorios_indispensables_para_preparar_cafe_de_especialidad_en_casa.md;replace;Producto recomendado: accesorios indispensables;Sustituye este bloque por tu enlace de Amazon cuando tengas una opcion clara para recomendar.;;;Ver en Amazon
accesorios_indispensables_para_preparar_cafe_de_especialidad_en_casa.md;replace;Opcion equilibrada de accesorios indispensables;Coloca aqui una alternativa con buena relacion calidad-precio y valoraciones consistentes.;;;Ver en Amazon
accesorios_indispensables_para_preparar_cafe_de_especialidad_en_casa.md;replace;Alternativa mas completa de accesorios indispensables;Usa este espacio para un modelo superior si quieres ofrecer una opcion de mayor presupuesto.;;;Ver en Amazon
accesorios_indispensables_para_sacar_partido_a_tu_freidora_sin_aceite.md;replace;Producto recomendado: accesorios indispensables;Sustituye este bloque por tu enlace de Amazon cuando tengas una opcion clara para recomendar.;;;Ver en Amazon
accesorios_indispensables_para_sacar_partido_a_tu_freidora_sin_aceite.md;replace;Opcion equilibrada de accesorios indispensables;Coloca aqui una alternativa con buena relacion calidad-precio y valoraciones consistentes.;;;Ver en Amazon
accesorios_indispensables_para_sacar_partido_a_tu_freidora_sin_aceite.md;replace;Alternativa mas completa de accesorios indispensables;Usa este espacio para un modelo superior si quieres ofrecer una opcion de mayor presupuesto.;;;Ver en Amazon
aceites_esenciales_indispensables_para_usar_con_tu_humidificador_purificador.md;replace;Producto recomendado: aceites esenciales indispensables;Sustituye este bloque por tu enlace de Amazon cuando tengas una opcion clara para recomendar.;;;Ver en Amazon
aceites_esenciales_indispensables_para_usar_con_tu_humidificador_purificador.md;replace;Opcion equilibrada de aceites esenciales indispensables;Coloca aqui una alternativa con buena relacion calidad-precio y valoraciones consistentes.;;;Ver en Amazon
aceites_esenciales_indispensables_para_usar_con_tu_humidificador_purificador.md;replace;Alternativa mas completa de aceites esenciales indispensables;Usa este espacio para un modelo superior si quieres ofrecer una opcion de mayor presupuesto.;;;Ver en Amazon
bloques_de_yoga_mas_estables_y_ligeros_para_principiantes.md;replace;Producto recomendado: bloques de yoga más estables y ligeros;Sustituye este bloque por tu enlace de Amazon cuando tengas una opcion clara para recomendar.;;;Ver en Amazon
bloques_de_yoga_mas_estables_y_ligeros_para_principiantes.md;replace;Opcion equilibrada de bloques de yoga más estables y ligeros;Coloca aqui una alternativa con buena relacion calidad-precio y valoraciones consistentes.;;;Ver en Amazon
bloques_de_yoga_mas_estables_y_ligeros_para_principiantes.md;replace;Alternativa mas completa de bloques de yoga más estables y ligeros;Usa este espacio para un modelo superior si quieres ofrecer una opcion de mayor presupuesto.;;;Ver en Amazon
cafeteras_de_capsulas_mas_economicas_y_duraderas_del_mercado.md;replace;Producto recomendado: cafeteras de cápsulas más económicas y duraderas;Sustituye este bloque por tu enlace de Amazon cuando tengas una opcion clara para recomendar.;;;Ver en Amazon
cafeteras_de_capsulas_mas_economicas_y_duraderas_del_mercado.md;replace;Opcion equilibrada de cafeteras de cápsulas más económicas y duraderas;Coloca aqui una alternativa con buena relacion calidad-precio y valoraciones consistentes.;;;Ver en Amazon
cafeteras_de_capsulas_mas_economicas_y_duraderas_del_mercado.md;replace;Alternativa mas completa de cafeteras de cápsulas más económicas y duraderas;Usa este espacio para un modelo superior si quieres ofrecer una opcion de mayor presupuesto.;;;Ver en Amazon
cafeteras_italianas_clasicas_que_duran_toda_la_vida.md;replace;Producto recomendado: cafeteras italianas clásicas que duran toda la vida;Sustituye este bloque por tu enlace de Amazon cuando tengas una opcion clara para recomendar.;;;Ver en Amazon
cafeteras_italianas_clasicas_que_duran_toda_la_vida.md;replace;Opcion equilibrada de cafeteras italianas clásicas que duran toda la vida;Coloca aqui una alternativa con buena relacion calidad-precio y valoraciones consistentes.;;;Ver en Amazon
cafeteras_italianas_clasicas_que_duran_toda_la_vida.md;replace;Alternativa mas completa de cafeteras italianas clásicas que duran toda la vida;Usa este espacio para un modelo superior si quieres ofrecer una opcion de mayor presupuesto.;;;Ver en Amazon
como_afilar_formones_de_carpinteria_de_forma_facil.md;replace;Producto recomendado: cómo afilar formones de carpintería de forma fácil;Sustituye este bloque por tu enlace de Amazon cuando tengas una opcion clara para recomendar.;;;Ver en Amazon
como_afilar_formones_de_carpinteria_de_forma_facil.md;replace;Opcion equilibrada de cómo afilar formones de carpintería de forma fácil;Coloca aqui una alternativa con buena relacion calidad-precio y valoraciones consistentes.;;;Ver en Amazon
como_afilar_formones_de_carpinteria_de_forma_facil.md;replace;Alternativa mas completa de cómo afilar formones de carpintería de forma fácil;Usa este espacio para un modelo superior si quieres ofrecer una opcion de mayor presupuesto.;;;Ver en Amazon
como_ajustar_las_correas_de_una_mochila_de_senderismo_correctamente.md;replace;Producto recomendado: cómo ajustar las correas de una mochila de senderismo correctamente;Sustituye este bloque por tu enlace de Amazon cuando tengas una opcion clara para recomendar.;;;Ver en Amazon
como_ajustar_las_correas_de_una_mochila_de_senderismo_correctamente.md;replace;Opcion equilibrada de cómo ajustar las correas de una mochila de senderismo correctamente;Coloca aqui una alternativa con buena relacion calidad-precio y valoraciones consistentes.;;;Ver en Amazon
como_ajustar_las_correas_de_una_mochila_de_senderismo_correctamente.md;replace;Alternativa mas completa de cómo ajustar las correas de una mochila de senderismo correctamente;Usa este espacio para un modelo superior si quieres ofrecer una opcion de mayor presupuesto.;;;Ver en Amazon
como_alinear_un_telescopio_reflector_por_primera_vez_en_casa.md;replace;Producto recomendado: cómo alinear un telescopio reflector por primera vez en casa;Sustituye este bloque por tu enlace de Amazon cuando tengas una opcion clara para recomendar.;;;Ver en Amazon
como_alinear_un_telescopio_reflector_por_primera_vez_en_casa.md;replace;Opcion equilibrada de cómo alinear un telescopio reflector por primera vez en casa;Coloca aqui una alternativa con buena relacion calidad-precio y valoraciones consistentes.;;;Ver en Amazon
como_alinear_un_telescopio_reflector_por_primera_vez_en_casa.md;replace;Alternativa mas completa de cómo alinear un telescopio reflector por primera vez en casa;Usa este espacio para un modelo superior si quieres ofrecer una opcion de mayor presupuesto.;;;Ver en Amazon
como_calibrar_un_molino_de_cafe_de_muelas_conicas.md;replace;Producto recomendado: cómo calibrar un molino de café de muelas cónicas;Sustituye este bloque por tu enlace de Amazon cuando tengas una opcion clara para recomendar.;;;Ver en Amazon
como_calibrar_un_molino_de_cafe_de_muelas_conicas.md;replace;Opcion equilibrada de cómo calibrar un molino de café de muelas cónicas;Coloca aqui una alternativa con buena relacion calidad-precio y valoraciones consistentes.;;;Ver en Amazon
como_calibrar_un_molino_de_cafe_de_muelas_conicas.md;replace;Alternativa mas completa de cómo calibrar un molino de café de muelas cónicas;Usa este espacio para un modelo superior si quieres ofrecer una opcion de mayor presupuesto.;;;Ver en Amazon
como_cambiar_los_interruptores_de_un_teclado_mecanico_intercambiable.md;replace;Producto recomendado: cómo cambiar los interruptores de un teclado mecánico intercambiable;Sustituye este bloque por tu enlace de Amazon cuando tengas una opcion clara para recomendar.;;;Ver en Amazon
como_cambiar_los_interruptores_de_un_teclado_mecanico_intercambiable.md;replace;Opcion equilibrada de cómo cambiar los interruptores de un teclado mecánico intercambiable;Coloca aqui una alternativa con buena relacion calidad-precio y valoraciones consistentes.;;;Ver en Amazon
como_cambiar_los_interruptores_de_un_teclado_mecanico_intercambiable.md;replace;Alternativa mas completa de cómo cambiar los interruptores de un teclado mecánico intercambiable;Usa este espacio para un modelo superior si quieres ofrecer una opcion de mayor presupuesto.;;;Ver en Amazon
como_cocinar_carne_en_sarten_de_hierro_fundido_estilo_restaurante.md;replace;Producto recomendado: cómo cocinar carne en sartén de hierro fundido estilo restaurante;Sustituye este bloque por tu enlace de Amazon cuando tengas una opcion clara para recomendar.;;;Ver en Amazon
como_cocinar_carne_en_sarten_de_hierro_fundido_estilo_restaurante.md;replace;Opcion equilibrada de cómo cocinar carne en sartén de hierro fundido estilo restaurante;Coloca aqui una alternativa con buena relacion calidad-precio y valoraciones consistentes.;;;Ver en Amazon
como_cocinar_carne_en_sarten_de_hierro_fundido_estilo_restaurante.md;replace;Alternativa mas completa de cómo cocinar carne en sartén de hierro fundido estilo restaurante;Usa este espacio para un modelo superior si quieres ofrecer una opcion de mayor presupuesto.;;;Ver en Amazon
como_cocinar_un_pollo_asado_perfecto_en_freidora_de_aire.md;replace;Producto recomendado: cómo cocinar un pollo asado perfecto en freidora de aire;Sustituye este bloque por tu enlace de Amazon cuando tengas una opcion clara para recomendar.;;;Ver en Amazon
como_cocinar_un_pollo_asado_perfecto_en_freidora_de_aire.md;replace;Opcion equilibrada de cómo cocinar un pollo asado perfecto en freidora de aire;Coloca aqui una alternativa con buena relacion calidad-precio y valoraciones consistentes.;;;Ver en Amazon
como_cocinar_un_pollo_asado_perfecto_en_freidora_de_aire.md;replace;Alternativa mas completa de cómo cocinar un pollo asado perfecto en freidora de aire;Usa este espacio para un modelo superior si quieres ofrecer una opcion de mayor presupuesto.;;;Ver en Amazon
como_curar_una_sarten_de_hierro_fundido_paso_a_paso.md;replace;Producto recomendado: cómo curar una sartén de hierro fundido paso a paso;Sustituye este bloque por tu enlace de Amazon cuando tengas una opcion clara para recomendar.;;;Ver en Amazon
como_curar_una_sarten_de_hierro_fundido_paso_a_paso.md;replace;Opcion equilibrada de cómo curar una sartén de hierro fundido paso a paso;Coloca aqui una alternativa con buena relacion calidad-precio y valoraciones consistentes.;;;Ver en Amazon
como_curar_una_sarten_de_hierro_fundido_paso_a_paso.md;replace;Alternativa mas completa de cómo curar una sartén de hierro fundido paso a paso;Usa este espacio para un modelo superior si quieres ofrecer una opcion de mayor presupuesto.;;;Ver en Amazon
como_deshidratar_frutas_usando_solo_tu_freidora_de_aire.md;replace;Producto recomendado: cómo deshidratar frutas usando solo tu freidora de aire;Sustituye este bloque por tu enlace de Amazon cuando tengas una opcion clara para recomendar.;;;Ver en Amazon
como_deshidratar_frutas_usando_solo_tu_freidora_de_aire.md;replace;Opcion equilibrada de cómo deshidratar frutas usando solo tu freidora de aire;Coloca aqui una alternativa con buena relacion calidad-precio y valoraciones consistentes.;;;Ver en Amazon
como_deshidratar_frutas_usando_solo_tu_freidora_de_aire.md;replace;Alternativa mas completa de cómo deshidratar frutas usando solo tu freidora de aire;Usa este espacio para un modelo superior si quieres ofrecer una opcion de mayor presupuesto.;;;Ver en Amazon
como_elegir_entre_un_humidificador_de_vapor_frio_o_caliente.md;replace;Producto recomendado: cómo elegir entre un humidificador de vapor frío o caliente;Sustituye este bloque por tu enlace de Amazon cuando tengas una opcion clara para recomendar.;;;Ver en Amazon
como_elegir_entre_un_humidificador_de_vapor_frio_o_caliente.md;replace;Opcion equilibrada de cómo elegir entre un humidificador de vapor frío o caliente;Coloca aqui una alternativa con buena relacion calidad-precio y valoraciones consistentes.;;;Ver en Amazon
como_elegir_entre_un_humidificador_de_vapor_frio_o_caliente.md;replace;Alternativa mas completa de cómo elegir entre un humidificador de vapor frío o caliente;Usa este espacio para un modelo superior si quieres ofrecer una opcion de mayor presupuesto.;;;Ver en Amazon
como_elegir_la_densidad_correcta_de_tu_esterilla_de_yoga.md;replace;Producto recomendado: cómo elegir la densidad correcta de tu esterilla de yoga;Sustituye este bloque por tu enlace de Amazon cuando tengas una opcion clara para recomendar.;;;Ver en Amazon
como_elegir_la_densidad_correcta_de_tu_esterilla_de_yoga.md;replace;Opcion equilibrada de cómo elegir la densidad correcta de tu esterilla de yoga;Coloca aqui una alternativa con buena relacion calidad-precio y valoraciones consistentes.;;;Ver en Amazon
como_elegir_la_densidad_correcta_de_tu_esterilla_de_yoga.md;replace;Alternativa mas completa de cómo elegir la densidad correcta de tu esterilla de yoga;Usa este espacio para un modelo superior si quieres ofrecer una opcion de mayor presupuesto.;;;Ver en Amazon
como_elegir_la_mejor_sierra_circular_para_cortar_madera.md;replace;Producto recomendado: cómo elegir la mejor sierra circular;Sustituye este bloque por tu enlace de Amazon cuando tengas una opcion clara para recomendar.;;;Ver en Amazon
como_elegir_la_mejor_sierra_circular_para_cortar_madera.md;replace;Opcion equilibrada de cómo elegir la mejor sierra circular;Coloca aqui una alternativa con buena relacion calidad-precio y valoraciones consistentes.;;;Ver en Amazon
como_elegir_la_mejor_sierra_circular_para_cortar_madera.md;replace;Alternativa mas completa de cómo elegir la mejor sierra circular;Usa este espacio para un modelo superior si quieres ofrecer una opcion de mayor presupuesto.;;;Ver en Amazon
como_elegir_los_aumentos_correctos_de_tus_prismaticos_para_safaris.md;replace;Producto recomendado: cómo elegir los aumentos correctos de tus prismáticos;Sustituye este bloque por tu enlace de Amazon cuando tengas una opcion clara para recomendar.;;;Ver en Amazon
como_elegir_los_aumentos_correctos_de_tus_prismaticos_para_safaris.md;replace;Opcion equilibrada de cómo elegir los aumentos correctos de tus prismáticos;Coloca aqui una alternativa con buena relacion calidad-precio y valoraciones consistentes.;;;Ver en Amazon
como_elegir_los_aumentos_correctos_de_tus_prismaticos_para_safaris.md;replace;Alternativa mas completa de cómo elegir los aumentos correctos de tus prismáticos;Usa este espacio para un modelo superior si quieres ofrecer una opcion de mayor presupuesto.;;;Ver en Amazon
como_enfocar_unos_prismaticos_correctamente_para_objetos_en_movimiento.md;replace;Producto recomendado: cómo enfocar unos prismáticos correctamente;Sustituye este bloque por tu enlace de Amazon cuando tengas una opcion clara para recomendar.;;;Ver en Amazon
como_enfocar_unos_prismaticos_correctamente_para_objetos_en_movimiento.md;replace;Opcion equilibrada de cómo enfocar unos prismáticos correctamente;Coloca aqui una alternativa con buena relacion calidad-precio y valoraciones consistentes.;;;Ver en Amazon
como_enfocar_unos_prismaticos_correctamente_para_objetos_en_movimiento.md;replace;Alternativa mas completa de cómo enfocar unos prismáticos correctamente;Usa este espacio para un modelo superior si quieres ofrecer una opcion de mayor presupuesto.;;;Ver en Amazon
como_espumar_leche_como_un_profesional_con_vaporizador_manual.md;replace;Producto recomendado: cómo espumar leche como un profesional con vaporizador manual;Sustituye este bloque por tu enlace de Amazon cuando tengas una opcion clara para recomendar.;;;Ver en Amazon
como_espumar_leche_como_un_profesional_con_vaporizador_manual.md;replace;Opcion equilibrada de cómo espumar leche como un profesional con vaporizador manual;Coloca aqui una alternativa con buena relacion calidad-precio y valoraciones consistentes.;;;Ver en Amazon
como_espumar_leche_como_un_profesional_con_vaporizador_manual.md;replace;Alternativa mas completa de cómo espumar leche como un profesional con vaporizador manual;Usa este espacio para un modelo superior si quieres ofrecer una opcion de mayor presupuesto.;;;Ver en Amazon
como_guardar_tu_esterilla_de_yoga_para_que_no_se_deforme.md;replace;Producto recomendado: cómo guardar tu esterilla de yoga;Sustituye este bloque por tu enlace de Amazon cuando tengas una opcion clara para recomendar.;;;Ver en Amazon
como_guardar_tu_esterilla_de_yoga_para_que_no_se_deforme.md;replace;Opcion equilibrada de cómo guardar tu esterilla de yoga;Coloca aqui una alternativa con buena relacion calidad-precio y valoraciones consistentes.;;;Ver en Amazon
como_guardar_tu_esterilla_de_yoga_para_que_no_se_deforme.md;replace;Alternativa mas completa de cómo guardar tu esterilla de yoga;Usa este espacio para un modelo superior si quieres ofrecer una opcion de mayor presupuesto.;;;Ver en Amazon
como_impermeabilizar_una_mochila_de_montaña_antes_de_una_tormenta.md;replace;Producto recomendado: cómo impermeabilizar una mochila de montaña antes de una tormenta;Sustituye este bloque por tu enlace de Amazon cuando tengas una opcion clara para recomendar.;;;Ver en Amazon
como_impermeabilizar_una_mochila_de_montaña_antes_de_una_tormenta.md;replace;Opcion equilibrada de cómo impermeabilizar una mochila de montaña antes de una tormenta;Coloca aqui una alternativa con buena relacion calidad-precio y valoraciones consistentes.;;;Ver en Amazon
como_impermeabilizar_una_mochila_de_montaña_antes_de_una_tormenta.md;replace;Alternativa mas completa de cómo impermeabilizar una mochila de montaña antes de una tormenta;Usa este espacio para un modelo superior si quieres ofrecer una opcion de mayor presupuesto.;;;Ver en Amazon
como_lavar_una_mochila_de_montaña_sin_dañar_las_cremalleras.md;replace;Producto recomendado: cómo lavar una mochila de montaña sin dañar las cremalleras;Sustituye este bloque por tu enlace de Amazon cuando tengas una opcion clara para recomendar.;;;Ver en Amazon
como_lavar_una_mochila_de_montaña_sin_dañar_las_cremalleras.md;replace;Opcion equilibrada de cómo lavar una mochila de montaña sin dañar las cremalleras;Coloca aqui una alternativa con buena relacion calidad-precio y valoraciones consistentes.;;;Ver en Amazon
como_lavar_una_mochila_de_montaña_sin_dañar_las_cremalleras.md;replace;Alternativa mas completa de cómo lavar una mochila de montaña sin dañar las cremalleras;Usa este espacio para un modelo superior si quieres ofrecer una opcion de mayor presupuesto.;;;Ver en Amazon
como_limpiar_las_lentes_de_un_telescopio_sin_rayar_el_cristal.md;replace;Producto recomendado: cómo limpiar las lentes de un telescopio sin rayar el cristal;Sustituye este bloque por tu enlace de Amazon cuando tengas una opcion clara para recomendar.;;;Ver en Amazon
como_limpiar_las_lentes_de_un_telescopio_sin_rayar_el_cristal.md;replace;Opcion equilibrada de cómo limpiar las lentes de un telescopio sin rayar el cristal;Coloca aqui una alternativa con buena relacion calidad-precio y valoraciones consistentes.;;;Ver en Amazon
como_limpiar_las_lentes_de_un_telescopio_sin_rayar_el_cristal.md;replace;Alternativa mas completa de cómo limpiar las lentes de un telescopio sin rayar el cristal;Usa este espacio para un modelo superior si quieres ofrecer una opcion de mayor presupuesto.;;;Ver en Amazon
como_limpiar_los_prismaticos_de_naturaleza_sin_dañar_el_revestimiento.md;replace;Producto recomendado: cómo limpiar los prismáticos de naturaleza sin dañar el revestimiento;Sustituye este bloque por tu enlace de Amazon cuando tengas una opcion clara para recomendar.;;;Ver en Amazon
como_limpiar_los_prismaticos_de_naturaleza_sin_dañar_el_revestimiento.md;replace;Opcion equilibrada de cómo limpiar los prismáticos de naturaleza sin dañar el revestimiento;Coloca aqui una alternativa con buena relacion calidad-precio y valoraciones consistentes.;;;Ver en Amazon
como_limpiar_los_prismaticos_de_naturaleza_sin_dañar_el_revestimiento.md;replace;Alternativa mas completa de cómo limpiar los prismáticos de naturaleza sin dañar el revestimiento;Usa este espacio para un modelo superior si quieres ofrecer una opcion de mayor presupuesto.;;;Ver en Amazon
como_limpiar_un_humidificador_por_dentro_para_evitar_el_moho.md;replace;Producto recomendado: cómo limpiar un humidificador por dentro;Sustituye este bloque por tu enlace de Amazon cuando tengas una opcion clara para recomendar.;;;Ver en Amazon
como_limpiar_un_humidificador_por_dentro_para_evitar_el_moho.md;replace;Opcion equilibrada de cómo limpiar un humidificador por dentro;Coloca aqui una alternativa con buena relacion calidad-precio y valoraciones consistentes.;;;Ver en Amazon
como_limpiar_un_humidificador_por_dentro_para_evitar_el_moho.md;replace;Alternativa mas completa de cómo limpiar un humidificador por dentro;Usa este espacio para un modelo superior si quieres ofrecer una opcion de mayor presupuesto.;;;Ver en Amazon
como_limpiar_un_teclado_mecanico_sin_romper_los_interruptores.md;replace;Producto recomendado: cómo limpiar un teclado mecánico sin romper los interruptores;Sustituye este bloque por tu enlace de Amazon cuando tengas una opcion clara para recomendar.;;;Ver en Amazon
como_limpiar_un_teclado_mecanico_sin_romper_los_interruptores.md;replace;Opcion equilibrada de cómo limpiar un teclado mecánico sin romper los interruptores;Coloca aqui una alternativa con buena relacion calidad-precio y valoraciones consistentes.;;;Ver en Amazon
como_limpiar_un_teclado_mecanico_sin_romper_los_interruptores.md;replace;Alternativa mas completa de cómo limpiar un teclado mecánico sin romper los interruptores;Usa este espacio para un modelo superior si quieres ofrecer una opcion de mayor presupuesto.;;;Ver en Amazon
como_limpiar_una_cafetera_de_goteo_sin_dañarla.md;replace;Producto recomendado: cómo limpiar una cafetera de goteo sin dañarla;Sustituye este bloque por tu enlace de Amazon cuando tengas una opcion clara para recomendar.;;;Ver en Amazon
como_limpiar_una_cafetera_de_goteo_sin_dañarla.md;replace;Opcion equilibrada de cómo limpiar una cafetera de goteo sin dañarla;Coloca aqui una alternativa con buena relacion calidad-precio y valoraciones consistentes.;;;Ver en Amazon
como_limpiar_una_cafetera_de_goteo_sin_dañarla.md;replace;Alternativa mas completa de cómo limpiar una cafetera de goteo sin dañarla;Usa este espacio para un modelo superior si quieres ofrecer una opcion de mayor presupuesto.;;;Ver en Amazon
como_limpiar_una_esterilla_de_yoga_de_caucho_natural.md;replace;Producto recomendado: cómo limpiar una esterilla de yoga de caucho natural;Sustituye este bloque por tu enlace de Amazon cuando tengas una opcion clara para recomendar.;;;Ver en Amazon
como_limpiar_una_esterilla_de_yoga_de_caucho_natural.md;replace;Opcion equilibrada de cómo limpiar una esterilla de yoga de caucho natural;Coloca aqui una alternativa con buena relacion calidad-precio y valoraciones consistentes.;;;Ver en Amazon
como_limpiar_una_esterilla_de_yoga_de_caucho_natural.md;replace;Alternativa mas completa de cómo limpiar una esterilla de yoga de caucho natural;Usa este espacio para un modelo superior si quieres ofrecer una opcion de mayor presupuesto.;;;Ver en Amazon
como_limpiar_una_freidora_de_aire_por_dentro_sin_rayarla.md;replace;Producto recomendado: cómo limpiar una freidora de aire por dentro sin rayarla;Sustituye este bloque por tu enlace de Amazon cuando tengas una opcion clara para recomendar.;;;Ver en Amazon
como_limpiar_una_freidora_de_aire_por_dentro_sin_rayarla.md;replace;Opcion equilibrada de cómo limpiar una freidora de aire por dentro sin rayarla;Coloca aqui una alternativa con buena relacion calidad-precio y valoraciones consistentes.;;;Ver en Amazon
como_limpiar_una_freidora_de_aire_por_dentro_sin_rayarla.md;replace;Alternativa mas completa de cómo limpiar una freidora de aire por dentro sin rayarla;Usa este espacio para un modelo superior si quieres ofrecer una opcion de mayor presupuesto.;;;Ver en Amazon
como_lubricar_los_estabilizadores_de_tu_teclado_para_evitar_ruidos.md;replace;Producto recomendado: cómo lubricar los estabilizadores de tu teclado;Sustituye este bloque por tu enlace de Amazon cuando tengas una opcion clara para recomendar.;;;Ver en Amazon
como_lubricar_los_estabilizadores_de_tu_teclado_para_evitar_ruidos.md;replace;Opcion equilibrada de cómo lubricar los estabilizadores de tu teclado;Coloca aqui una alternativa con buena relacion calidad-precio y valoraciones consistentes.;;;Ver en Amazon
como_lubricar_los_estabilizadores_de_tu_teclado_para_evitar_ruidos.md;replace;Alternativa mas completa de cómo lubricar los estabilizadores de tu teclado;Usa este espacio para un modelo superior si quieres ofrecer una opcion de mayor presupuesto.;;;Ver en Amazon
como_medir_la_humedad_de_casa_antes_de_encender_el_humidificador.md;replace;Producto recomendado: cómo medir la humedad de casa antes de encender el humidificador;Sustituye este bloque por tu enlace de Amazon cuando tengas una opcion clara para recomendar.;;;Ver en Amazon
como_medir_la_humedad_de_casa_antes_de_encender_el_humidificador.md;replace;Opcion equilibrada de cómo medir la humedad de casa antes de encender el humidificador;Coloca aqui una alternativa con buena relacion calidad-precio y valoraciones consistentes.;;;Ver en Amazon
como_medir_la_humedad_de_casa_antes_de_encender_el_humidificador.md;replace;Alternativa mas completa de cómo medir la humedad de casa antes de encender el humidificador;Usa este espacio para un modelo superior si quieres ofrecer una opcion de mayor presupuesto.;;;Ver en Amazon
como_quitar_el_oxido_de_una_sarten_de_hierro_fundido_vieja.md;replace;Producto recomendado: cómo quitar el óxido de una sartén de hierro fundido vieja;Sustituye este bloque por tu enlace de Amazon cuando tengas una opcion clara para recomendar.;;;Ver en Amazon
como_quitar_el_oxido_de_una_sarten_de_hierro_fundido_vieja.md;replace;Opcion equilibrada de cómo quitar el óxido de una sartén de hierro fundido vieja;Coloca aqui una alternativa con buena relacion calidad-precio y valoraciones consistentes.;;;Ver en Amazon
como_quitar_el_oxido_de_una_sarten_de_hierro_fundido_vieja.md;replace;Alternativa mas completa de cómo quitar el óxido de una sartén de hierro fundido vieja;Usa este espacio para un modelo superior si quieres ofrecer una opcion de mayor presupuesto.;;;Ver en Amazon
como_usar_un_filtro_lunar_para_observar_la_luna_llena_sin_deslumbrarte.md;replace;Producto recomendado: cómo usar un filtro lunar;Sustituye este bloque por tu enlace de Amazon cuando tengas una opcion clara para recomendar.;;;Ver en Amazon
como_usar_un_filtro_lunar_para_observar_la_luna_llena_sin_deslumbrarte.md;replace;Opcion equilibrada de cómo usar un filtro lunar;Coloca aqui una alternativa con buena relacion calidad-precio y valoraciones consistentes.;;;Ver en Amazon
como_usar_un_filtro_lunar_para_observar_la_luna_llena_sin_deslumbrarte.md;replace;Alternativa mas completa de cómo usar un filtro lunar;Usa este espacio para un modelo superior si quieres ofrecer una opcion de mayor presupuesto.;;;Ver en Amazon
como_usar_un_nivel_laser_para_colgar_cuadros_rectos.md;replace;Producto recomendado: cómo usar un nivel láser;Sustituye este bloque por tu enlace de Amazon cuando tengas una opcion clara para recomendar.;;;Ver en Amazon
como_usar_un_nivel_laser_para_colgar_cuadros_rectos.md;replace;Opcion equilibrada de cómo usar un nivel láser;Coloca aqui una alternativa con buena relacion calidad-precio y valoraciones consistentes.;;;Ver en Amazon
como_usar_un_nivel_laser_para_colgar_cuadros_rectos.md;replace;Alternativa mas completa de cómo usar un nivel láser;Usa este espacio para un modelo superior si quieres ofrecer una opcion de mayor presupuesto.;;;Ver en Amazon
esterillas_de_yoga_ecologicas_y_biodegradables_mas_recomendadas.md;replace;Producto recomendado: esterillas de yoga ecológicas y biodegradables más recomendadas;Sustituye este bloque por tu enlace de Amazon cuando tengas una opcion clara para recomendar.;;;Ver en Amazon
esterillas_de_yoga_ecologicas_y_biodegradables_mas_recomendadas.md;replace;Opcion equilibrada de esterillas de yoga ecológicas y biodegradables más recomendadas;Coloca aqui una alternativa con buena relacion calidad-precio y valoraciones consistentes.;;;Ver en Amazon
esterillas_de_yoga_ecologicas_y_biodegradables_mas_recomendadas.md;replace;Alternativa mas completa de esterillas de yoga ecológicas y biodegradables más recomendadas;Usa este espacio para un modelo superior si quieres ofrecer una opcion de mayor presupuesto.;;;Ver en Amazon
freidoras_de_aire_con_doble_zona_de_coccion_comparativa_completa.md;replace;Producto recomendado: freidoras de aire con doble zona de cocción comparativa;Sustituye este bloque por tu enlace de Amazon cuando tengas una opcion clara para recomendar.;;;Ver en Amazon
freidoras_de_aire_con_doble_zona_de_coccion_comparativa_completa.md;replace;Opcion equilibrada de freidoras de aire con doble zona de cocción comparativa;Coloca aqui una alternativa con buena relacion calidad-precio y valoraciones consistentes.;;;Ver en Amazon
freidoras_de_aire_con_doble_zona_de_coccion_comparativa_completa.md;replace;Alternativa mas completa de freidoras de aire con doble zona de cocción comparativa;Usa este espacio para un modelo superior si quieres ofrecer una opcion de mayor presupuesto.;;;Ver en Amazon
guia_de_compra_de_lijadoras_de_orbita_aleatoria_profesionales.md;replace;Producto recomendado: guía de compra de lijadoras de órbita aleatoria profesionales;Sustituye este bloque por tu enlace de Amazon cuando tengas una opcion clara para recomendar.;;;Ver en Amazon
guia_de_compra_de_lijadoras_de_orbita_aleatoria_profesionales.md;replace;Opcion equilibrada de guía de compra de lijadoras de órbita aleatoria profesionales;Coloca aqui una alternativa con buena relacion calidad-precio y valoraciones consistentes.;;;Ver en Amazon
guia_de_compra_de_lijadoras_de_orbita_aleatoria_profesionales.md;replace;Alternativa mas completa de guía de compra de lijadoras de órbita aleatoria profesionales;Usa este espacio para un modelo superior si quieres ofrecer una opcion de mayor presupuesto.;;;Ver en Amazon
guia_definitiva_de_compra_para_cafeteras_superautomaticas.md;replace;Cafetera superautomatica equilibrada;Aqui puedes enlazar el modelo con mejor equilibrio entre precio, facilidad de limpieza y calidad del cafe.;;;Ver en Amazon
guia_definitiva_de_compra_para_cafeteras_superautomaticas.md;replace;Opcion recomendada para cappuccino y latte;Coloca aqui una cafetera con sistema de leche facil de limpiar.;;;Ver en Amazon
guia_para_elegir_la_presion_de_agua_correcta_para_limpiar_el_coche.md;replace;Producto recomendado: guia;Sustituye este bloque por tu enlace de Amazon cuando tengas una opcion clara para recomendar.;;;Ver en Amazon
guia_para_elegir_la_presion_de_agua_correcta_para_limpiar_el_coche.md;replace;Opcion equilibrada de guia;Coloca aqui una alternativa con buena relacion calidad-precio y valoraciones consistentes.;;;Ver en Amazon
guia_para_elegir_la_presion_de_agua_correcta_para_limpiar_el_coche.md;replace;Alternativa mas completa de guia;Usa este espacio para un modelo superior si quieres ofrecer una opcion de mayor presupuesto.;;;Ver en Amazon
herramientas_manuales_indispensables_para_tu_primer_taller_en_casa.md;replace;Producto recomendado: herramientas manuales indispensables;Sustituye este bloque por tu enlace de Amazon cuando tengas una opcion clara para recomendar.;;;Ver en Amazon
herramientas_manuales_indispensables_para_tu_primer_taller_en_casa.md;replace;Opcion equilibrada de herramientas manuales indispensables;Coloca aqui una alternativa con buena relacion calidad-precio y valoraciones consistentes.;;;Ver en Amazon
herramientas_manuales_indispensables_para_tu_primer_taller_en_casa.md;replace;Alternativa mas completa de herramientas manuales indispensables;Usa este espacio para un modelo superior si quieres ofrecer una opcion de mayor presupuesto.;;;Ver en Amazon
humidificadores_con_difusor_de_aromas_de_gran_capacidad_para_salones.md;replace;Producto recomendado: humidificadores con difusor de aromas de gran capacidad;Sustituye este bloque por tu enlace de Amazon cuando tengas una opcion clara para recomendar.;;;Ver en Amazon
humidificadores_con_difusor_de_aromas_de_gran_capacidad_para_salones.md;replace;Opcion equilibrada de humidificadores con difusor de aromas de gran capacidad;Coloca aqui una alternativa con buena relacion calidad-precio y valoraciones consistentes.;;;Ver en Amazon
humidificadores_con_difusor_de_aromas_de_gran_capacidad_para_salones.md;replace;Alternativa mas completa de humidificadores con difusor de aromas de gran capacidad;Usa este espacio para un modelo superior si quieres ofrecer una opcion de mayor presupuesto.;;;Ver en Amazon
humidificadores_inteligentes_compatibles_con_asistentes_de_voz_del_hogar.md;replace;Producto recomendado: humidificadores inteligentes compatibles con asistentes de voz del hogar;Sustituye este bloque por tu enlace de Amazon cuando tengas una opcion clara para recomendar.;;;Ver en Amazon
humidificadores_inteligentes_compatibles_con_asistentes_de_voz_del_hogar.md;replace;Opcion equilibrada de humidificadores inteligentes compatibles con asistentes de voz del hogar;Coloca aqui una alternativa con buena relacion calidad-precio y valoraciones consistentes.;;;Ver en Amazon
humidificadores_inteligentes_compatibles_con_asistentes_de_voz_del_hogar.md;replace;Alternativa mas completa de humidificadores inteligentes compatibles con asistentes de voz del hogar;Usa este espacio para un modelo superior si quieres ofrecer una opcion de mayor presupuesto.;;;Ver en Amazon
las_freidoras_de_aire_mas_potentes_y_rapidas_del_año.md;replace;Producto recomendado: las freidoras de aire más potentes y rápidas del año;Sustituye este bloque por tu enlace de Amazon cuando tengas una opcion clara para recomendar.;;;Ver en Amazon
las_freidoras_de_aire_mas_potentes_y_rapidas_del_año.md;replace;Opcion equilibrada de las freidoras de aire más potentes y rápidas del año;Coloca aqui una alternativa con buena relacion calidad-precio y valoraciones consistentes.;;;Ver en Amazon
las_freidoras_de_aire_mas_potentes_y_rapidas_del_año.md;replace;Alternativa mas completa de las freidoras de aire más potentes y rápidas del año;Usa este espacio para un modelo superior si quieres ofrecer una opcion de mayor presupuesto.;;;Ver en Amazon
las_mejores_hidrolimpiadoras_baratas_para_fachadas.md;replace;Producto recomendado: hidrolimpiadoras;Sustituye este bloque por tu enlace de Amazon cuando tengas una opcion clara para recomendar.;;;Ver en Amazon
las_mejores_hidrolimpiadoras_baratas_para_fachadas.md;replace;Opcion equilibrada de hidrolimpiadoras;Coloca aqui una alternativa con buena relacion calidad-precio y valoraciones consistentes.;;;Ver en Amazon
las_mejores_hidrolimpiadoras_baratas_para_fachadas.md;replace;Alternativa mas completa de hidrolimpiadoras;Usa este espacio para un modelo superior si quieres ofrecer una opcion de mayor presupuesto.;;;Ver en Amazon
las_mochilas_de_montaña_mas_ligeras_del_mercado_actual.md;replace;Producto recomendado: las mochilas de montaña más ligeras;Sustituye este bloque por tu enlace de Amazon cuando tengas una opcion clara para recomendar.;;;Ver en Amazon
las_mochilas_de_montaña_mas_ligeras_del_mercado_actual.md;replace;Opcion equilibrada de las mochilas de montaña más ligeras;Coloca aqui una alternativa con buena relacion calidad-precio y valoraciones consistentes.;;;Ver en Amazon
las_mochilas_de_montaña_mas_ligeras_del_mercado_actual.md;replace;Alternativa mas completa de las mochilas de montaña más ligeras;Usa este espacio para un modelo superior si quieres ofrecer una opcion de mayor presupuesto.;;;Ver en Amazon
las_sartenes_de_hierro_fundido_mas_ligeras_y_faciles_de_manejar.md;replace;Producto recomendado: las sartenes de hierro fundido más ligeras y fáciles de manejar;Sustituye este bloque por tu enlace de Amazon cuando tengas una opcion clara para recomendar.;;;Ver en Amazon
las_sartenes_de_hierro_fundido_mas_ligeras_y_faciles_de_manejar.md;replace;Opcion equilibrada de las sartenes de hierro fundido más ligeras y fáciles de manejar;Coloca aqui una alternativa con buena relacion calidad-precio y valoraciones consistentes.;;;Ver en Amazon
las_sartenes_de_hierro_fundido_mas_ligeras_y_faciles_de_manejar.md;replace;Alternativa mas completa de las sartenes de hierro fundido más ligeras y fáciles de manejar;Usa este espacio para un modelo superior si quieres ofrecer una opcion de mayor presupuesto.;;;Ver en Amazon
los_destornilladores_electricos_mas_potentes_del_mercado_actual.md;replace;Producto recomendado: los destornilladores eléctricos más potentes;Sustituye este bloque por tu enlace de Amazon cuando tengas una opcion clara para recomendar.;;;Ver en Amazon
los_destornilladores_electricos_mas_potentes_del_mercado_actual.md;replace;Opcion equilibrada de los destornilladores eléctricos más potentes;Coloca aqui una alternativa con buena relacion calidad-precio y valoraciones consistentes.;;;Ver en Amazon
los_destornilladores_electricos_mas_potentes_del_mercado_actual.md;replace;Alternativa mas completa de los destornilladores eléctricos más potentes;Usa este espacio para un modelo superior si quieres ofrecer una opcion de mayor presupuesto.;;;Ver en Amazon
los_humidificadores_de_vapor_frio_mas_silenciosos_para_el_dormitorio.md;replace;Producto recomendado: los humidificadores de vapor frío más silenciosos;Sustituye este bloque por tu enlace de Amazon cuando tengas una opcion clara para recomendar.;;;Ver en Amazon
los_humidificadores_de_vapor_frio_mas_silenciosos_para_el_dormitorio.md;replace;Opcion equilibrada de los humidificadores de vapor frío más silenciosos;Coloca aqui una alternativa con buena relacion calidad-precio y valoraciones consistentes.;;;Ver en Amazon
los_humidificadores_de_vapor_frio_mas_silenciosos_para_el_dormitorio.md;replace;Alternativa mas completa de los humidificadores de vapor frío más silenciosos;Usa este espacio para un modelo superior si quieres ofrecer una opcion de mayor presupuesto.;;;Ver en Amazon
los_prismaticos_impermeables_mas_resistentes_para_dias_de_lluvia_intensa.md;replace;Producto recomendado: los prismáticos impermeables más resistentes;Sustituye este bloque por tu enlace de Amazon cuando tengas una opcion clara para recomendar.;;;Ver en Amazon
los_prismaticos_impermeables_mas_resistentes_para_dias_de_lluvia_intensa.md;replace;Opcion equilibrada de los prismáticos impermeables más resistentes;Coloca aqui una alternativa con buena relacion calidad-precio y valoraciones consistentes.;;;Ver en Amazon
los_prismaticos_impermeables_mas_resistentes_para_dias_de_lluvia_intensa.md;replace;Alternativa mas completa de los prismáticos impermeables más resistentes;Usa este espacio para un modelo superior si quieres ofrecer una opcion de mayor presupuesto.;;;Ver en Amazon
los_teclados_mecanicos_mas_silenciosos_para_trabajar_en_la_oficina.md;replace;Teclado mecanico silencioso recomendado;Aqui puedes enlazar un teclado con switches silent o tactiles suaves para oficina.;;;Ver en Amazon
los_teclados_mecanicos_mas_silenciosos_para_trabajar_en_la_oficina.md;replace;Opcion compacta y silenciosa para escritorio pequeno;Coloca aqui un teclado TKL, 75% o 65% con buena autonomia.;;;Ver en Amazon
los_telescopios_computarizados_mas_faciles_de_usar_para_aficionados.md;replace;Producto recomendado: los telescopios computarizados más fáciles de usar;Sustituye este bloque por tu enlace de Amazon cuando tengas una opcion clara para recomendar.;;;Ver en Amazon
los_telescopios_computarizados_mas_faciles_de_usar_para_aficionados.md;replace;Opcion equilibrada de los telescopios computarizados más fáciles de usar;Coloca aqui una alternativa con buena relacion calidad-precio y valoraciones consistentes.;;;Ver en Amazon
los_telescopios_computarizados_mas_faciles_de_usar_para_aficionados.md;replace;Alternativa mas completa de los telescopios computarizados más fáciles de usar;Usa este espacio para un modelo superior si quieres ofrecer una opcion de mayor presupuesto.;;;Ver en Amazon
mantenimiento_basico_para_que_tu_hidrolimpiadora_dure_mas_anos.md;replace;Producto recomendado: mantenimiento basico;Sustituye este bloque por tu enlace de Amazon cuando tengas una opcion clara para recomendar.;;;Ver en Amazon
mantenimiento_basico_para_que_tu_hidrolimpiadora_dure_mas_anos.md;replace;Opcion equilibrada de mantenimiento basico;Coloca aqui una alternativa con buena relacion calidad-precio y valoraciones consistentes.;;;Ver en Amazon
mantenimiento_basico_para_que_tu_hidrolimpiadora_dure_mas_anos.md;replace;Alternativa mas completa de mantenimiento basico;Usa este espacio para un modelo superior si quieres ofrecer una opcion de mayor presupuesto.;;;Ver en Amazon
mejores_bastones_de_senderismo_de_carbono_plegables_y_resistentes.md;replace;Producto recomendado: bastones de senderismo de carbono plegables y resistentes;Sustituye este bloque por tu enlace de Amazon cuando tengas una opcion clara para recomendar.;;;Ver en Amazon
mejores_bastones_de_senderismo_de_carbono_plegables_y_resistentes.md;replace;Opcion equilibrada de bastones de senderismo de carbono plegables y resistentes;Coloca aqui una alternativa con buena relacion calidad-precio y valoraciones consistentes.;;;Ver en Amazon
mejores_bastones_de_senderismo_de_carbono_plegables_y_resistentes.md;replace;Alternativa mas completa de bastones de senderismo de carbono plegables y resistentes;Usa este espacio para un modelo superior si quieres ofrecer una opcion de mayor presupuesto.;;;Ver en Amazon
mejores_brocas_para_perforar_paredes_de_hormigon_armado.md;replace;Producto recomendado: brocas;Sustituye este bloque por tu enlace de Amazon cuando tengas una opcion clara para recomendar.;;;Ver en Amazon
mejores_brocas_para_perforar_paredes_de_hormigon_armado.md;replace;Opcion equilibrada de brocas;Coloca aqui una alternativa con buena relacion calidad-precio y valoraciones consistentes.;;;Ver en Amazon
mejores_brocas_para_perforar_paredes_de_hormigon_armado.md;replace;Alternativa mas completa de brocas;Usa este espacio para un modelo superior si quieres ofrecer una opcion de mayor presupuesto.;;;Ver en Amazon
mejores_cafeteras_espresso_manuales_para_baristas_principiantes.md;replace;Producto recomendado: cafeteras espresso manuales;Sustituye este bloque por tu enlace de Amazon cuando tengas una opcion clara para recomendar.;;;Ver en Amazon
mejores_cafeteras_espresso_manuales_para_baristas_principiantes.md;replace;Opcion equilibrada de cafeteras espresso manuales;Coloca aqui una alternativa con buena relacion calidad-precio y valoraciones consistentes.;;;Ver en Amazon
mejores_cafeteras_espresso_manuales_para_baristas_principiantes.md;replace;Alternativa mas completa de cafeteras espresso manuales;Usa este espacio para un modelo superior si quieres ofrecer una opcion de mayor presupuesto.;;;Ver en Amazon
mejores_cajas_de_herramientas_completas_para_organizar_tu_garaje.md;replace;Producto recomendado: cajas de herramientas completas;Sustituye este bloque por tu enlace de Amazon cuando tengas una opcion clara para recomendar.;;;Ver en Amazon
mejores_cajas_de_herramientas_completas_para_organizar_tu_garaje.md;replace;Opcion equilibrada de cajas de herramientas completas;Coloca aqui una alternativa con buena relacion calidad-precio y valoraciones consistentes.;;;Ver en Amazon
mejores_cajas_de_herramientas_completas_para_organizar_tu_garaje.md;replace;Alternativa mas completa de cajas de herramientas completas;Usa este espacio para un modelo superior si quieres ofrecer una opcion de mayor presupuesto.;;;Ver en Amazon
mejores_correas_de_estiramiento_para_mejorar_tu_flexibilidad_en_yoga.md;replace;Producto recomendado: correas de estiramiento;Sustituye este bloque por tu enlace de Amazon cuando tengas una opcion clara para recomendar.;;;Ver en Amazon
mejores_correas_de_estiramiento_para_mejorar_tu_flexibilidad_en_yoga.md;replace;Opcion equilibrada de correas de estiramiento;Coloca aqui una alternativa con buena relacion calidad-precio y valoraciones consistentes.;;;Ver en Amazon
mejores_correas_de_estiramiento_para_mejorar_tu_flexibilidad_en_yoga.md;replace;Alternativa mas completa de correas de estiramiento;Usa este espacio para un modelo superior si quieres ofrecer una opcion de mayor presupuesto.;;;Ver en Amazon
mejores_esterillas_de_yoga_antideslizantes_para_sudar_mucho.md;replace;Producto recomendado: esterillas de yoga antideslizantes;Sustituye este bloque por tu enlace de Amazon cuando tengas una opcion clara para recomendar.;;;Ver en Amazon
mejores_esterillas_de_yoga_antideslizantes_para_sudar_mucho.md;replace;Opcion equilibrada de esterillas de yoga antideslizantes;Coloca aqui una alternativa con buena relacion calidad-precio y valoraciones consistentes.;;;Ver en Amazon
mejores_esterillas_de_yoga_antideslizantes_para_sudar_mucho.md;replace;Alternativa mas completa de esterillas de yoga antideslizantes;Usa este espacio para un modelo superior si quieres ofrecer una opcion de mayor presupuesto.;;;Ver en Amazon
mejores_esterillas_de_yoga_de_viaje_finas_y_faciles_de_plegar.md;replace;Producto recomendado: esterillas de yoga de viaje finas y fáciles de plegar;Sustituye este bloque por tu enlace de Amazon cuando tengas una opcion clara para recomendar.;;;Ver en Amazon
mejores_esterillas_de_yoga_de_viaje_finas_y_faciles_de_plegar.md;replace;Opcion equilibrada de esterillas de yoga de viaje finas y fáciles de plegar;Coloca aqui una alternativa con buena relacion calidad-precio y valoraciones consistentes.;;;Ver en Amazon
mejores_esterillas_de_yoga_de_viaje_finas_y_faciles_de_plegar.md;replace;Alternativa mas completa de esterillas de yoga de viaje finas y fáciles de plegar;Usa este espacio para un modelo superior si quieres ofrecer una opcion de mayor presupuesto.;;;Ver en Amazon
mejores_freidoras_de_aire_baratas_por_menos_de_cien_euros.md;replace;Freidora de aire economica recomendada;Usa este bloque para enlazar una opcion equilibrada de Amazon cuando tengas tu enlace de afiliado.;;;Ver en Amazon
mejores_freidoras_de_aire_baratas_por_menos_de_cien_euros.md;replace;Opcion compacta para una o dos personas;Aqui puedes colocar una freidora compacta con buena valoracion y precio estable.;;;Ver en Amazon
mejores_freidoras_de_aire_de_gran_capacidad_para_familias.md;replace;Producto recomendado: freidoras de aire de gran capacidad;Sustituye este bloque por tu enlace de Amazon cuando tengas una opcion clara para recomendar.;;;Ver en Amazon
mejores_freidoras_de_aire_de_gran_capacidad_para_familias.md;replace;Opcion equilibrada de freidoras de aire de gran capacidad;Coloca aqui una alternativa con buena relacion calidad-precio y valoraciones consistentes.;;;Ver en Amazon
mejores_freidoras_de_aire_de_gran_capacidad_para_familias.md;replace;Alternativa mas completa de freidoras de aire de gran capacidad;Usa este espacio para un modelo superior si quieres ofrecer una opcion de mayor presupuesto.;;;Ver en Amazon
mejores_granos_de_cafe_en_grano_para_espresso_intenso.md;replace;Producto recomendado: granos de café en grano;Sustituye este bloque por tu enlace de Amazon cuando tengas una opcion clara para recomendar.;;;Ver en Amazon
mejores_granos_de_cafe_en_grano_para_espresso_intenso.md;replace;Opcion equilibrada de granos de café en grano;Coloca aqui una alternativa con buena relacion calidad-precio y valoraciones consistentes.;;;Ver en Amazon
mejores_granos_de_cafe_en_grano_para_espresso_intenso.md;replace;Alternativa mas completa de granos de café en grano;Usa este espacio para un modelo superior si quieres ofrecer una opcion de mayor presupuesto.;;;Ver en Amazon
mejores_humidificadores_economicos_para_combatir_el_ambiente_seco_del_invierno.md;replace;Producto recomendado: humidificadores económicos;Sustituye este bloque por tu enlace de Amazon cuando tengas una opcion clara para recomendar.;;;Ver en Amazon
mejores_humidificadores_economicos_para_combatir_el_ambiente_seco_del_invierno.md;replace;Opcion equilibrada de humidificadores económicos;Coloca aqui una alternativa con buena relacion calidad-precio y valoraciones consistentes.;;;Ver en Amazon
mejores_humidificadores_economicos_para_combatir_el_ambiente_seco_del_invierno.md;replace;Alternativa mas completa de humidificadores económicos;Usa este espacio para un modelo superior si quieres ofrecer una opcion de mayor presupuesto.;;;Ver en Amazon
mejores_humidificadores_ultrasonicos_para_habitaciones_de_bebes.md;replace;Producto recomendado: humidificadores ultrasónicos;Sustituye este bloque por tu enlace de Amazon cuando tengas una opcion clara para recomendar.;;;Ver en Amazon
mejores_humidificadores_ultrasonicos_para_habitaciones_de_bebes.md;replace;Opcion equilibrada de humidificadores ultrasónicos;Coloca aqui una alternativa con buena relacion calidad-precio y valoraciones consistentes.;;;Ver en Amazon
mejores_humidificadores_ultrasonicos_para_habitaciones_de_bebes.md;replace;Alternativa mas completa de humidificadores ultrasónicos;Usa este espacio para un modelo superior si quieres ofrecer una opcion de mayor presupuesto.;;;Ver en Amazon
mejores_marcas_de_humidificadores_para_mejorar_la_calidad_del_aire.md;replace;Producto recomendado: marcas de humidificadores;Sustituye este bloque por tu enlace de Amazon cuando tengas una opcion clara para recomendar.;;;Ver en Amazon
mejores_marcas_de_humidificadores_para_mejorar_la_calidad_del_aire.md;replace;Opcion equilibrada de marcas de humidificadores;Coloca aqui una alternativa con buena relacion calidad-precio y valoraciones consistentes.;;;Ver en Amazon
mejores_marcas_de_humidificadores_para_mejorar_la_calidad_del_aire.md;replace;Alternativa mas completa de marcas de humidificadores;Usa este espacio para un modelo superior si quieres ofrecer una opcion de mayor presupuesto.;;;Ver en Amazon
mejores_marcas_de_menaje_de_cocina_en_hierro_fundido_tradicional.md;replace;Producto recomendado: marcas de menaje de cocina en hierro fundido tradicional;Sustituye este bloque por tu enlace de Amazon cuando tengas una opcion clara para recomendar.;;;Ver en Amazon
mejores_marcas_de_menaje_de_cocina_en_hierro_fundido_tradicional.md;replace;Opcion equilibrada de marcas de menaje de cocina en hierro fundido tradicional;Coloca aqui una alternativa con buena relacion calidad-precio y valoraciones consistentes.;;;Ver en Amazon
mejores_marcas_de_menaje_de_cocina_en_hierro_fundido_tradicional.md;replace;Alternativa mas completa de marcas de menaje de cocina en hierro fundido tradicional;Usa este espacio para un modelo superior si quieres ofrecer una opcion de mayor presupuesto.;;;Ver en Amazon
mejores_marcas_de_mochilas_para_montañismo_profesional_y_escalada.md;replace;Producto recomendado: marcas de mochilas;Sustituye este bloque por tu enlace de Amazon cuando tengas una opcion clara para recomendar.;;;Ver en Amazon
mejores_marcas_de_mochilas_para_montañismo_profesional_y_escalada.md;replace;Opcion equilibrada de marcas de mochilas;Coloca aqui una alternativa con buena relacion calidad-precio y valoraciones consistentes.;;;Ver en Amazon
mejores_marcas_de_mochilas_para_montañismo_profesional_y_escalada.md;replace;Alternativa mas completa de marcas de mochilas;Usa este espacio para un modelo superior si quieres ofrecer una opcion de mayor presupuesto.;;;Ver en Amazon
mejores_marcas_de_teclados_mecanicos_para_videojuegos_competitivos.md;replace;Producto recomendado: marcas de teclados mecánicos;Sustituye este bloque por tu enlace de Amazon cuando tengas una opcion clara para recomendar.;;;Ver en Amazon
mejores_marcas_de_teclados_mecanicos_para_videojuegos_competitivos.md;replace;Opcion equilibrada de marcas de teclados mecánicos;Coloca aqui una alternativa con buena relacion calidad-precio y valoraciones consistentes.;;;Ver en Amazon
mejores_marcas_de_teclados_mecanicos_para_videojuegos_competitivos.md;replace;Alternativa mas completa de marcas de teclados mecánicos;Usa este espacio para un modelo superior si quieres ofrecer una opcion de mayor presupuesto.;;;Ver en Amazon
mejores_mochilas_de_senderismo_de_alta_capacidad_para_varios_dias.md;replace;Mochila de senderismo recomendada para varios dias;Aqui puedes colocar una mochila de 50 a 65 litros con buen cinturon lumbar.;;;Ver en Amazon
mejores_mochilas_de_senderismo_de_alta_capacidad_para_varios_dias.md;replace;Funda impermeable para mochila;Complemento util para proteger ropa, saco y electronica en rutas con lluvia.;;;Ver en Amazon
mejores_oculares_para_telescopios_astronomicos_que_aumentan_la_nitidez.md;replace;Producto recomendado: oculares;Sustituye este bloque por tu enlace de Amazon cuando tengas una opcion clara para recomendar.;;;Ver en Amazon
mejores_oculares_para_telescopios_astronomicos_que_aumentan_la_nitidez.md;replace;Opcion equilibrada de oculares;Coloca aqui una alternativa con buena relacion calidad-precio y valoraciones consistentes.;;;Ver en Amazon
mejores_oculares_para_telescopios_astronomicos_que_aumentan_la_nitidez.md;replace;Alternativa mas completa de oculares;Usa este espacio para un modelo superior si quieres ofrecer una opcion de mayor presupuesto.;;;Ver en Amazon
mejores_prismaticos_astronomicos_para_observar_constelaciones_y_estrellas.md;replace;Producto recomendado: prismáticos astronómicos;Sustituye este bloque por tu enlace de Amazon cuando tengas una opcion clara para recomendar.;;;Ver en Amazon
mejores_prismaticos_astronomicos_para_observar_constelaciones_y_estrellas.md;replace;Opcion equilibrada de prismáticos astronómicos;Coloca aqui una alternativa con buena relacion calidad-precio y valoraciones consistentes.;;;Ver en Amazon
mejores_prismaticos_astronomicos_para_observar_constelaciones_y_estrellas.md;replace;Alternativa mas completa de prismáticos astronómicos;Usa este espacio para un modelo superior si quieres ofrecer una opcion de mayor presupuesto.;;;Ver en Amazon
mejores_prismaticos_compactos_para_llevar_en_el_bolsillo_de_la_chaqueta.md;replace;Producto recomendado: prismáticos compactos;Sustituye este bloque por tu enlace de Amazon cuando tengas una opcion clara para recomendar.;;;Ver en Amazon
mejores_prismaticos_compactos_para_llevar_en_el_bolsillo_de_la_chaqueta.md;replace;Opcion equilibrada de prismáticos compactos;Coloca aqui una alternativa con buena relacion calidad-precio y valoraciones consistentes.;;;Ver en Amazon
mejores_prismaticos_compactos_para_llevar_en_el_bolsillo_de_la_chaqueta.md;replace;Alternativa mas completa de prismáticos compactos;Usa este espacio para un modelo superior si quieres ofrecer una opcion de mayor presupuesto.;;;Ver en Amazon
mejores_prismaticos_para_observacion_de_aves_en_bosques_espesos.md;replace;Producto recomendado: prismáticos;Sustituye este bloque por tu enlace de Amazon cuando tengas una opcion clara para recomendar.;;;Ver en Amazon
mejores_prismaticos_para_observacion_de_aves_en_bosques_espesos.md;replace;Opcion equilibrada de prismáticos;Coloca aqui una alternativa con buena relacion calidad-precio y valoraciones consistentes.;;;Ver en Amazon
mejores_prismaticos_para_observacion_de_aves_en_bosques_espesos.md;replace;Alternativa mas completa de prismáticos;Usa este espacio para un modelo superior si quieres ofrecer una opcion de mayor presupuesto.;;;Ver en Amazon
mejores_recetas_para_estrenar_tu_sarten_de_hierro_fundido_hoy.md;replace;Producto recomendado: recetas;Sustituye este bloque por tu enlace de Amazon cuando tengas una opcion clara para recomendar.;;;Ver en Amazon
mejores_recetas_para_estrenar_tu_sarten_de_hierro_fundido_hoy.md;replace;Opcion equilibrada de recetas;Coloca aqui una alternativa con buena relacion calidad-precio y valoraciones consistentes.;;;Ver en Amazon
mejores_recetas_para_estrenar_tu_sarten_de_hierro_fundido_hoy.md;replace;Alternativa mas completa de recetas;Usa este espacio para un modelo superior si quieres ofrecer una opcion de mayor presupuesto.;;;Ver en Amazon
mejores_sartenes_de_hierro_fundido_para_cocinar_a_la_plancha.md;replace;Sarten de hierro fundido recomendada;Aqui puedes enlazar una sarten de hierro fundido de 24 a 26 cm para uso general.;;;Ver en Amazon
mejores_sartenes_de_hierro_fundido_para_cocinar_a_la_plancha.md;replace;Opcion esmaltada facil de mantener;Aqui puedes colocar una alternativa esmaltada si quieres menos mantenimiento.;;;Ver en Amazon
mejores_taladros_percutores_inalambricos_para_bricolaje_casero.md;replace;Producto recomendado: taladros percutores inalámbricos;Sustituye este bloque por tu enlace de Amazon cuando tengas una opcion clara para recomendar.;;;Ver en Amazon
mejores_taladros_percutores_inalambricos_para_bricolaje_casero.md;replace;Opcion equilibrada de taladros percutores inalámbricos;Coloca aqui una alternativa con buena relacion calidad-precio y valoraciones consistentes.;;;Ver en Amazon
mejores_taladros_percutores_inalambricos_para_bricolaje_casero.md;replace;Alternativa mas completa de taladros percutores inalámbricos;Usa este espacio para un modelo superior si quieres ofrecer una opcion de mayor presupuesto.;;;Ver en Amazon
mejores_teclados_mecanicos_compactos_para_escritorios_pequeños_con_poco_espacio.md;replace;Producto recomendado: teclados mecánicos compactos;Sustituye este bloque por tu enlace de Amazon cuando tengas una opcion clara para recomendar.;;;Ver en Amazon
mejores_teclados_mecanicos_compactos_para_escritorios_pequeños_con_poco_espacio.md;replace;Opcion equilibrada de teclados mecánicos compactos;Coloca aqui una alternativa con buena relacion calidad-precio y valoraciones consistentes.;;;Ver en Amazon
mejores_teclados_mecanicos_compactos_para_escritorios_pequeños_con_poco_espacio.md;replace;Alternativa mas completa de teclados mecánicos compactos;Usa este espacio para un modelo superior si quieres ofrecer una opcion de mayor presupuesto.;;;Ver en Amazon
mejores_teclados_mecanicos_personalizados_para_escribir_durante_horas.md;replace;Producto recomendado: teclados mecánicos personalizados;Sustituye este bloque por tu enlace de Amazon cuando tengas una opcion clara para recomendar.;;;Ver en Amazon
mejores_teclados_mecanicos_personalizados_para_escribir_durante_horas.md;replace;Opcion equilibrada de teclados mecánicos personalizados;Coloca aqui una alternativa con buena relacion calidad-precio y valoraciones consistentes.;;;Ver en Amazon
mejores_teclados_mecanicos_personalizados_para_escribir_durante_horas.md;replace;Alternativa mas completa de teclados mecánicos personalizados;Usa este espacio para un modelo superior si quieres ofrecer una opcion de mayor presupuesto.;;;Ver en Amazon
mejores_telescopios_astronomicos_para_ver_los_anillos_de_saturno.md;replace;Producto recomendado: telescopios astronómicos;Sustituye este bloque por tu enlace de Amazon cuando tengas una opcion clara para recomendar.;;;Ver en Amazon
mejores_telescopios_astronomicos_para_ver_los_anillos_de_saturno.md;replace;Opcion equilibrada de telescopios astronómicos;Coloca aqui una alternativa con buena relacion calidad-precio y valoraciones consistentes.;;;Ver en Amazon
mejores_telescopios_astronomicos_para_ver_los_anillos_de_saturno.md;replace;Alternativa mas completa de telescopios astronómicos;Usa este espacio para un modelo superior si quieres ofrecer una opcion de mayor presupuesto.;;;Ver en Amazon
mochilas_de_senderismo_impermeables_para_deportes_de_aventura_extremos.md;replace;Producto recomendado: mochilas de senderismo impermeables;Sustituye este bloque por tu enlace de Amazon cuando tengas una opcion clara para recomendar.;;;Ver en Amazon
mochilas_de_senderismo_impermeables_para_deportes_de_aventura_extremos.md;replace;Opcion equilibrada de mochilas de senderismo impermeables;Coloca aqui una alternativa con buena relacion calidad-precio y valoraciones consistentes.;;;Ver en Amazon
mochilas_de_senderismo_impermeables_para_deportes_de_aventura_extremos.md;replace;Alternativa mas completa de mochilas de senderismo impermeables;Usa este espacio para un modelo superior si quieres ofrecer una opcion de mayor presupuesto.;;;Ver en Amazon
mochilas_de_trekking_con_mejor_sistema_de_ventilacion_en_la_espalda.md;replace;Producto recomendado: mochilas de trekking con mejor sistema de ventilación en la espalda;Sustituye este bloque por tu enlace de Amazon cuando tengas una opcion clara para recomendar.;;;Ver en Amazon
mochilas_de_trekking_con_mejor_sistema_de_ventilacion_en_la_espalda.md;replace;Opcion equilibrada de mochilas de trekking con mejor sistema de ventilación en la espalda;Coloca aqui una alternativa con buena relacion calidad-precio y valoraciones consistentes.;;;Ver en Amazon
mochilas_de_trekking_con_mejor_sistema_de_ventilacion_en_la_espalda.md;replace;Alternativa mas completa de mochilas de trekking con mejor sistema de ventilación en la espalda;Usa este espacio para un modelo superior si quieres ofrecer una opcion de mayor presupuesto.;;;Ver en Amazon
moldes_de_silicona_compatibles_con_las_freidoras_de_aire_mas_vendidas.md;replace;Producto recomendado: moldes de silicona compatibles con las freidoras de aire más vendidas;Sustituye este bloque por tu enlace de Amazon cuando tengas una opcion clara para recomendar.;;;Ver en Amazon
moldes_de_silicona_compatibles_con_las_freidoras_de_aire_mas_vendidas.md;replace;Opcion equilibrada de moldes de silicona compatibles con las freidoras de aire más vendidas;Coloca aqui una alternativa con buena relacion calidad-precio y valoraciones consistentes.;;;Ver en Amazon
moldes_de_silicona_compatibles_con_las_freidoras_de_aire_mas_vendidas.md;replace;Alternativa mas completa de moldes de silicona compatibles con las freidoras de aire más vendidas;Usa este espacio para un modelo superior si quieres ofrecer una opcion de mayor presupuesto.;;;Ver en Amazon
multiherramientas_oscilantes_mas_versatiles_para_reformas_del_hogar.md;replace;Producto recomendado: multiherramientas oscilantes más versátiles;Sustituye este bloque por tu enlace de Amazon cuando tengas una opcion clara para recomendar.;;;Ver en Amazon
multiherramientas_oscilantes_mas_versatiles_para_reformas_del_hogar.md;replace;Opcion equilibrada de multiherramientas oscilantes más versátiles;Coloca aqui una alternativa con buena relacion calidad-precio y valoraciones consistentes.;;;Ver en Amazon
multiherramientas_oscilantes_mas_versatiles_para_reformas_del_hogar.md;replace;Alternativa mas completa de multiherramientas oscilantes más versátiles;Usa este espacio para un modelo superior si quieres ofrecer una opcion de mayor presupuesto.;;;Ver en Amazon
prismaticos_con_vision_nocturna_para_observar_fauna_silvestre_en_la_oscuridad.md;replace;Producto recomendado: prismáticos con visión nocturna;Sustituye este bloque por tu enlace de Amazon cuando tengas una opcion clara para recomendar.;;;Ver en Amazon
prismaticos_con_vision_nocturna_para_observar_fauna_silvestre_en_la_oscuridad.md;replace;Opcion equilibrada de prismáticos con visión nocturna;Coloca aqui una alternativa con buena relacion calidad-precio y valoraciones consistentes.;;;Ver en Amazon
prismaticos_con_vision_nocturna_para_observar_fauna_silvestre_en_la_oscuridad.md;replace;Alternativa mas completa de prismáticos con visión nocturna;Usa este espacio para un modelo superior si quieres ofrecer una opcion de mayor presupuesto.;;;Ver en Amazon
prismaticos_de_alta_potencia_con_estabilizador_de_imagen_integrado.md;replace;Producto recomendado: prismáticos de alta potencia con estabilizador de imagen integrado;Sustituye este bloque por tu enlace de Amazon cuando tengas una opcion clara para recomendar.;;;Ver en Amazon
prismaticos_de_alta_potencia_con_estabilizador_de_imagen_integrado.md;replace;Opcion equilibrada de prismáticos de alta potencia con estabilizador de imagen integrado;Coloca aqui una alternativa con buena relacion calidad-precio y valoraciones consistentes.;;;Ver en Amazon
prismaticos_de_alta_potencia_con_estabilizador_de_imagen_integrado.md;replace;Alternativa mas completa de prismáticos de alta potencia con estabilizador de imagen integrado;Usa este espacio para un modelo superior si quieres ofrecer una opcion de mayor presupuesto.;;;Ver en Amazon
recetas_basicas_en_freidora_de_aire_para_principiantes_sin_experiencia.md;replace;Producto recomendado: recetas básicas en freidora de aire;Sustituye este bloque por tu enlace de Amazon cuando tengas una opcion clara para recomendar.;;;Ver en Amazon
recetas_basicas_en_freidora_de_aire_para_principiantes_sin_experiencia.md;replace;Opcion equilibrada de recetas básicas en freidora de aire;Coloca aqui una alternativa con buena relacion calidad-precio y valoraciones consistentes.;;;Ver en Amazon
recetas_basicas_en_freidora_de_aire_para_principiantes_sin_experiencia.md;replace;Alternativa mas completa de recetas básicas en freidora de aire;Usa este espacio para un modelo superior si quieres ofrecer una opcion de mayor presupuesto.;;;Ver en Amazon
reseña_honesta_de_la_cafetera_de_embolo_francesa_mas_vendida.md;replace;Producto recomendado: reseña honesta de la cafetera de émbolo francesa más vendida;Sustituye este bloque por tu enlace de Amazon cuando tengas una opcion clara para recomendar.;;;Ver en Amazon
reseña_honesta_de_la_cafetera_de_embolo_francesa_mas_vendida.md;replace;Opcion equilibrada de reseña honesta de la cafetera de émbolo francesa más vendida;Coloca aqui una alternativa con buena relacion calidad-precio y valoraciones consistentes.;;;Ver en Amazon
reseña_honesta_de_la_cafetera_de_embolo_francesa_mas_vendida.md;replace;Alternativa mas completa de reseña honesta de la cafetera de émbolo francesa más vendida;Usa este espacio para un modelo superior si quieres ofrecer una opcion de mayor presupuesto.;;;Ver en Amazon
ropa_de_yoga_mas_comoda_y_transpirable_para_clases_intensas.md;replace;Producto recomendado: ropa de yoga más cómoda y transpirable;Sustituye este bloque por tu enlace de Amazon cuando tengas una opcion clara para recomendar.;;;Ver en Amazon
ropa_de_yoga_mas_comoda_y_transpirable_para_clases_intensas.md;replace;Opcion equilibrada de ropa de yoga más cómoda y transpirable;Coloca aqui una alternativa con buena relacion calidad-precio y valoraciones consistentes.;;;Ver en Amazon
ropa_de_yoga_mas_comoda_y_transpirable_para_clases_intensas.md;replace;Alternativa mas completa de ropa de yoga más cómoda y transpirable;Usa este espacio para un modelo superior si quieres ofrecer una opcion de mayor presupuesto.;;;Ver en Amazon
sartenes_de_hierro_fundido_aptas_para_cocinas_de_induccion_modernas.md;replace;Producto recomendado: sartenes de hierro fundido aptas;Sustituye este bloque por tu enlace de Amazon cuando tengas una opcion clara para recomendar.;;;Ver en Amazon
sartenes_de_hierro_fundido_aptas_para_cocinas_de_induccion_modernas.md;replace;Opcion equilibrada de sartenes de hierro fundido aptas;Coloca aqui una alternativa con buena relacion calidad-precio y valoraciones consistentes.;;;Ver en Amazon
sartenes_de_hierro_fundido_aptas_para_cocinas_de_induccion_modernas.md;replace;Alternativa mas completa de sartenes de hierro fundido aptas;Usa este espacio para un modelo superior si quieres ofrecer una opcion de mayor presupuesto.;;;Ver en Amazon
sartenes_de_hierro_fundido_con_mango_desmontable_comparativa_completa.md;replace;Producto recomendado: sartenes de hierro fundido con mango desmontable comparativa;Sustituye este bloque por tu enlace de Amazon cuando tengas una opcion clara para recomendar.;;;Ver en Amazon
sartenes_de_hierro_fundido_con_mango_desmontable_comparativa_completa.md;replace;Opcion equilibrada de sartenes de hierro fundido con mango desmontable comparativa;Coloca aqui una alternativa con buena relacion calidad-precio y valoraciones consistentes.;;;Ver en Amazon
sartenes_de_hierro_fundido_con_mango_desmontable_comparativa_completa.md;replace;Alternativa mas completa de sartenes de hierro fundido con mango desmontable comparativa;Usa este espacio para un modelo superior si quieres ofrecer una opcion de mayor presupuesto.;;;Ver en Amazon
teclados_mecanicos_ergonomicos_para_prevenir_el_dolor_de_muñeca.md;replace;Producto recomendado: teclados mecánicos ergonómicos;Sustituye este bloque por tu enlace de Amazon cuando tengas una opcion clara para recomendar.;;;Ver en Amazon
teclados_mecanicos_ergonomicos_para_prevenir_el_dolor_de_muñeca.md;replace;Opcion equilibrada de teclados mecánicos ergonómicos;Coloca aqui una alternativa con buena relacion calidad-precio y valoraciones consistentes.;;;Ver en Amazon
teclados_mecanicos_ergonomicos_para_prevenir_el_dolor_de_muñeca.md;replace;Alternativa mas completa de teclados mecánicos ergonómicos;Usa este espacio para un modelo superior si quieres ofrecer una opcion de mayor presupuesto.;;;Ver en Amazon
teclados_mecanicos_inalambricos_con_la_bateria_mas_duradera_del_mercado.md;replace;Producto recomendado: teclados mecánicos inalámbricos con la batería más duradera;Sustituye este bloque por tu enlace de Amazon cuando tengas una opcion clara para recomendar.;;;Ver en Amazon
teclados_mecanicos_inalambricos_con_la_bateria_mas_duradera_del_mercado.md;replace;Opcion equilibrada de teclados mecánicos inalámbricos con la batería más duradera;Coloca aqui una alternativa con buena relacion calidad-precio y valoraciones consistentes.;;;Ver en Amazon
teclados_mecanicos_inalambricos_con_la_bateria_mas_duradera_del_mercado.md;replace;Alternativa mas completa de teclados mecánicos inalámbricos con la batería más duradera;Usa este espacio para un modelo superior si quieres ofrecer una opcion de mayor presupuesto.;;;Ver en Amazon
teclas_de_reemplazo_indispensables_para_mejorar_el_diseño_de_tu_teclado.md;replace;Producto recomendado: teclas de reemplazo indispensables;Sustituye este bloque por tu enlace de Amazon cuando tengas una opcion clara para recomendar.;;;Ver en Amazon
teclas_de_reemplazo_indispensables_para_mejorar_el_diseño_de_tu_teclado.md;replace;Opcion equilibrada de teclas de reemplazo indispensables;Coloca aqui una alternativa con buena relacion calidad-precio y valoraciones consistentes.;;;Ver en Amazon
teclas_de_reemplazo_indispensables_para_mejorar_el_diseño_de_tu_teclado.md;replace;Alternativa mas completa de teclas de reemplazo indispensables;Usa este espacio para un modelo superior si quieres ofrecer una opcion de mayor presupuesto.;;;Ver en Amazon
telescopios_astronomicos_para_niños_con_mejor_relacion_calidad_precio.md;replace;Producto recomendado: telescopios astronómicos;Sustituye este bloque por tu enlace de Amazon cuando tengas una opcion clara para recomendar.;;;Ver en Amazon
telescopios_astronomicos_para_niños_con_mejor_relacion_calidad_precio.md;replace;Opcion equilibrada de telescopios astronómicos;Coloca aqui una alternativa con buena relacion calidad-precio y valoraciones consistentes.;;;Ver en Amazon
telescopios_astronomicos_para_niños_con_mejor_relacion_calidad_precio.md;replace;Alternativa mas completa de telescopios astronómicos;Usa este espacio para un modelo superior si quieres ofrecer una opcion de mayor presupuesto.;;;Ver en Amazon
telescopios_portatiles_mas_ligeros_para_llevar_de_acampada_a_la_montaña.md;replace;Producto recomendado: telescopios portátiles más ligeros;Sustituye este bloque por tu enlace de Amazon cuando tengas una opcion clara para recomendar.;;;Ver en Amazon
telescopios_portatiles_mas_ligeros_para_llevar_de_acampada_a_la_montaña.md;replace;Opcion equilibrada de telescopios portátiles más ligeros;Coloca aqui una alternativa con buena relacion calidad-precio y valoraciones consistentes.;;;Ver en Amazon
telescopios_portatiles_mas_ligeros_para_llevar_de_acampada_a_la_montaña.md;replace;Alternativa mas completa de telescopios portátiles más ligeros;Usa este espacio para un modelo superior si quieres ofrecer una opcion de mayor presupuesto.;;;Ver en Amazon
